#,☆,名前,HP,ATK,効果(自身),効果(味方),効果(敵),特攻,特防,状態無効,CS倍率,装備制限
1,1,見習い使い魔の応援,50,50,CP増加,,,,,,,全
2,2,深淵の門番の破片,125,75,,,,,,恐怖,,冥
3,2,遠雷の闘士の破片,0,200,,,,,,マヒ,,天
4,2,長途の待人の破片,200,0,,,,,,告死,,木
5,2,重来の武将の破片,75,125,,,,,,憑依,,水
6,4,今、ここだけにしかない物語,100,300,HP回復|獲得ランク経験値アップ,,,,,,,(制限なし)
7,4,お宝目指して何処までも,200,200,獲得コインアップ,,呪い,,,,,(制限なし)
8,4,教えの庭にも,200,200,獲得経験値アップ|獲得ランク経験値アップ,,,,,,,(制限なし)
9,4,放課後の工房,100,300,種獲得率アップ,,根性解除|根性耐性,,,,,(制限なし)
10,4,仕事終わりのひとときを,300,100,獲得コインアップ|友情時強化,,,,,,,(制限なし)
11,4,ラストプレイヤー・オンステージ,200,200,ARトークン獲得率アップ|弱体時強化[AR],,,,,,,(制限なし)
12,4,路地裏の事件簿,150,250,花獲得率アップ,守護,,,,,,(制限なし)
13,2,拮抗の例外処理？,50,150,強制移動無効(後),,HP減少,,,,,水
14,3,魔王と魔王,150,150,,,,,,毒|猛毒,,(制限なし)
15,4,仰げば尊し,300,100,獲得経験値集約|獲得経験値アップ,,,,,,,(制限なし)
16,3,聖夜のダブル・ヒーロー！,150,150,根性|特防[0.8],,,,打撃,,,タウラスマスク|クランプス|斬撃|突撃|打撃
17,3,ギュウマオウ式OJT！,300,0,特防[0.8],弱体解除(単),,,突撃,,,ギュウマオウ|セト|魔法|横一文字
18,4,友情のコンビネーション！,200,200,獲得戦友ポイントアップ|友情時強化,,,,,,,(制限なし)
19,3,はぐれ者の幕間,300,0,弱体解除(単),,,,,劫火,,トムテ|テツヤ|火|水|天
20,4,初湯のひととき,400,0,HP回復,,,,,,,ギュウマオウ|シンノウ|突撃|横一文字|無
21,4,曙光に燃える,0,400,,弱体解除(単),,,,,(+1),タウラスマスク|ワカン・タンカ|火|木|世界
22,3,しゃかりき稼ぐぜ海の家,100,200,奮起,HP回復,,,,,,ノーマッド|タダトモ|火|水
23,5,我ら今は共に歩みて,250,250,獲得ランク経験値アップ|獲得戦友ポイントアップ,奮起,,,,,,タイクーンズ|バーサーカーズ|ミッショネルズ|☆2以下
24,5,東方の賢者たち,250,250,獲得コインアップ,,弱点,,,,,ワイズメン|☆2以下|世界
25,3,冒険に祝杯を,150,150,特攻[1.4]|弱体無効,,,魔王と名の付くスキル,,,,ネクロス&バッカス|ソール|オルグス|魔法|狙撃
26,3,ようこそ地獄の温泉郷,300,0,凍結耐性|弱体解除(単),凍結耐性,,,,凍結,,ダイコク|サルタヒコ|斬撃|打撃|魔法
27,5,スウィート・ドリームス,300,200,獲得経験値アップ,閃き,,,,,,ビーストテイマーズ|魔法|狙撃
28,4,レッツ・クラフト！,200,200,ARトークン獲得率アップ,攻撃力低下耐性,,,,,,(制限なし)
29,3,隣を駆ける者ども,150,150,,崩し耐性|CP増加,,,,,,タングリスニル|グリンブルスティ|天|英雄
30,4,虎たちの乾杯,200,200,CP増加|威圧特攻[AR]|特攻[1.4],威圧特攻[AR],,威圧,,,,ノーマッド|ドゥルガー|リチョウ|突撃|魔法
31,5,クイーン・オブ・カブキチョウ,400,100,種獲得率アップ,,魅了,,,,,アウトローズ|冥|魔
32,3,猫たちの憩いの場,300,0,HP回復|CP増加,,,,,,,テスカトリポカ|ケットシー|斬撃|魔法|無
33,3,バレンタインアドベンチャー,100,200,HP回復,,,,,疑念,,キュウマ|アキハゴンゲン|火|水|木
34,4,その日は、桜の山で,300,100,根性時強化[桜の山AR]|CP増加,CP増加,,,,,,ザオウ|シュテン|木|天
35,5,クラフターズの日課,0,500,ARトークン獲得率アップ|CP増加,,,,,,,クラフターズ|突撃|射撃
36,3,アチアチ・ホットキャンプ！,200,100,浄化|弱体解除(単)|特攻[1.3],,,滋養,,,,カグツチ|シロウ|アイゼン|火|木
37,3,N番目の祝宴,300,0,特防[0.8]|祝福,,,,狙撃,,,ヤスヨリ|オンブレティグレ|斬撃|突撃|横一文字
38,5,母と子と,400,100,花獲得率アップ,HP回復,,,,,,ジェノサイダーズ|火|冥
39,3,夏の日の一枚,150,150,意気,,,,,魅了,,ベイブ・バニヤン|シュクユウ|全|水|魔
40,5,ある安らぎの日,100,400,獲得コインアップ|獲得ランク経験値アップ,,,,,,,タイクーンズ|☆2以下|火|水
41,3,シークレット・エージェンツ,0,300,,,恐怖,,,崩し,,エージェンツ|斬撃|射撃|魔法
42,4,ひとりだけのあなたへ,200,200,花獲得率アップ,弱体解除(単),,,,,,(制限なし)
43,5,光輝成す刃たち,0,500,極限|ARトークン獲得率アップ,,,,,,,サモナーズ|全|斬撃
44,3,寒空の下、君を待って,200,100,,祝福,,,,凍結,,シロウ|リョウタ|突撃|打撃|魔法
45,5,聖拳の交わり,100,400,HP回復|獲得経験値アップ,,HP吸収,,,,,ミッショネルズ|☆2以下|打撃
46,5,届かじのペーパープレイン,150,350,HP減少反転|HP回復|種獲得率アップ,HP減少反転|HP回復,,,,,,インベイダーズ|クリエイターズ|天|世界
47,3,オペラ座の怪獣,300,0,集中,,強化無効,,,,,シパクトリ|クリスティーヌ|斬撃|突撃|打撃
48,5,曇り無き氷の如く,100,400,獲得コインアップ,,凍結,,,,,サモナーズ|バーサーカーズ
49,4,まどろみの玉座,100,300,幻惑特攻[AR]|特攻[1.5],幻惑特攻[AR],幻惑,幻惑,,,,ネクロス&バッカス|射撃|狙撃|無
50,3,聖夜の彩り,200,100,CP増加,,,,,凍結,,シトリー|アギョウ|チェルノボーグ|射撃|狙撃
51,4,いつだってBuzz&Dream,300,100,獲得戦友ポイントアップ,,魅了,,,,,(制限なし)
52,3,正義と憧れを胸に,200,100,係留|強制移動無効(全),,弱点,,,,,サンダーバード|ホルス|天|突撃|射撃
53,5,ライク・ア・ショウ,400,100,花獲得率アップ,,烙印,,,,,エンタティナーズ|魔法|無
54,4,新年に啜るは涙にあらず,100,300,係留|強制移動無効(全)|祝福,,,,,,,モウショウ|アマノジャク|木|魔
55,3,干支っ子たちの正月始め！,250,50,特防[0.8]|閃き,,,,魔法,,,アギョウ|イナバ|射撃|魔法
56,5,ぼくたちのチェックメイト,150,350,獲得戦友ポイントアップ|攻撃強化,攻撃強化,,,,,,ウォーモンガーズ|魔|世界
57,5,君と駆けた不思議の街よ,350,150,ギルド新加入認印獲得率アップ,集中,,,,,,ゲームマスターズ|未所属|突撃|魔法
58,5,あれからのファザーフッド,250,250,獲得ランク経験値アップ,,幻惑,,,,,タオシーズ|☆2以下|火|天
59,4,神宿より、あいを込めて,250,150,ギルド新加入認印獲得率アップ,HP回復,,,,,,(制限なし)
60,5,みず入らずの初詣,0,500,剛力|獲得経験値アップ,,,,,,,神宿学園|斬撃|射撃|無
61,5,怪盗たちの入学式,100,400,ギルド新加入認印獲得率アップ,,幻惑,,,,,中迦野芸能学園|水|天
62,5,スペシャルワンは譲らない！,200,300,ギルド新加入認印獲得率アップ,クリティカル,,,,,,八犬士|斬撃|狙撃
63,5,開拓の誓い,400,100,,CP増加,,,,恐怖,,主人公|シロウ|冥
64,5,無窮の誓い,100,400,クリティカル,,,,,マヒ,,主人公|ケンゴ|天
65,5,豊穣の誓い,500,0,HP回復,,,,,告死,,主人公|リョウタ|木
66,5,根絶の誓い,250,250,回避,,,,,憑依,,主人公|トウジ|水
67,5,結合の誓い,200,300,祈り,,,,,束縛,,主人公|アルク|火
68,4,犬どもの戦場,100,300,CP増加|特防[0.7],,,,斬撃,,,モリタカ|タダトモ|シノ|火|水
69,4,ミッションコンプリート,200,200,クリティカル|特防[0.8],,,,射撃|狙撃,,,コタロウ|オセ|射撃|狙撃
70,4,計り知れざる永劫の,300,100,特攻[1.4],,恐怖,恐怖,,,,シロウ|魔法
71,4,先輩と後輩の時間,0,400,HP回復|特防[0.7],,,,打撃,,,グンゾウ|ワカン・タンカ|打撃|横一文字
72,4,従者並びて,400,0,弱体反射|HP回復,,,,,,,オニワカ|カーシー|火|木
73,4,シューティングスターズ,100,300,回避に貫通|連撃,,,回避,,,,イクトシ|バティム|突撃|射撃
74,4,幼馴染の流儀,200,200,,,,,,弱点,(+1),シロウ|ケンゴ|天|冥
75,4,魔王の温泉郷へようこそ,300,100,弱体解除(単),,,,,崩し,,アンドヴァリ|チェルノボーグ|冥
76,4,大江山の鬼たち,0,400,,,,,,威圧,(+1),シュテン|イバラキ|火|水|木
77,4,新宿ポリスアカデミー,200,200,CP増加,,,,,スキル封印,,タヂカラオ|ホウゲン|木|英雄
78,3,ナンパの心得,0,300,特攻[1.4],,HP減少,崩し,,,,ゴウリョウ|テュポーン|水
79,3,山の熊さんたち,150,150,特攻[1.4]|係留|強制移動無効(全),,,根性,,,,アシガラ|バーゲスト|木
80,3,都会の隠れ家,225,75,特攻[1.4]|加速,,,加速,,,,ガンダルヴァ|サンダーバード|天
81,3,東京カジノへようこそ,75,225,特攻[1.4],,HP減少,闘志,,,,ハクメン|ショロトル|射撃|狙撃
82,3,次なる聖夜のために,300,0,特防[0.8]|CP増加,,,,魔法,,,ジェド|タングリスニル|天|冥
83,3,或る島での1ページ,225,75,特防[0.8]|係留|強制移動無効(全),,,,打撃,,,アステリオス|ロビンソン|冥
84,3,夏の新メニュー開発！,300,0,HP回復|特攻[1.4],,,祝福,,,,リョウタ|チョウジ|火|木
85,3,休日のカラオケロード！,250,50,HP回復|特攻[1.4],,,脱力,,,,ベヒモス|ジズ|天|冥
86,3,糾える縄の如し,75,225,CP増加|特攻[1.4],,,呪い,,,,ケンタ|バーゲスト|冥
87,3,"OH, MY POPSTAR！",150,150,特攻[1.4]|閃き,,,恐怖,,,,ニャルラトテプ|アザトース|射撃|狙撃
88,3,ある家族の肖像,150,150,CP増加|特攻[1.4],,,祝福,,,,ハーロット|スルト|火
89,3,はじめてのオムライス！,225,75,HP回復|特攻[1.4],,,呪い,,,,モリタカ|アギョウ|水
90,3,鍛錬あるのみ！,125,175,CP増加|特攻[1.4],,,頑強,,,,クロガネ|アマツマラ|ヘパイストス|火|魔
91,3,バディの絆,225,75,HP回復|特攻[1.4],,,頑強,,,,レイヴ|カーシー|魔法
92,3,ようこそ池袋の劇場へ,75,225,CP増加|特攻[1.4],,,熱情,,,,クロード|スノウ|斬撃
93,3,飢野学園の指導,0,300,特攻[1.4],,,閃き|集中,,,,アールプ|レイヴ|射撃|狙撃
94,3,全ては筋肉より始まる,0,300,特攻[1.4],,HP減少,剛力,,,,アマツマラ|スルト|打撃
95,3,父と子と,150,150,CP増加|特攻[1.4],,,再生,,,,アルク|スルト|射撃|狙撃
96,3,出発！真夏の水中冒険,75,225,CP増加|特攻[1.4],,,防御強化,,,,エイタ|テュポーン|水
97,3,おお山の喜びよ,50,250,CP増加|特攻[1.4],,,凍結,,,,ザオウ|チェルノボーグ|打撃
98,3,どっちの味方なの！？,125,175,CP増加|特攻[1.4],,,幻惑,,,,リヒト|クニヨシ|ベンテン|魔法|横一文字
99,5,深淵の海より来たりて,250,250,弱体反射,弱体反射,,,,,(+2),トリトン|ダゴン|水|魔
100,4,サン・アンド・オイル！,400,0,特攻[1.4],CP増加,,聖油,,,,クロガネ|タンガロア|木|世界
101,5,サモナーズのX'MAS,300,200,HP回復,,,,,,(+2),リョウタ|トウジ|全|水|木
102,4,同じ月が見ている,400,0,弱体無効|HP回復,,,,,,,マリア|ジブリール|魔法
103,4,夕暮れ時の青春は,200,200,HP回復,,,,,,(+1),グンゾウ|キュウマ|突撃|射撃
104,5,バレンタイン・ドッグス！,250,250,根性|CP増加,,,,,,,モリタカ|タダトモ|火|冥|斬撃
105,4,ショコラは深淵より来たり,400,0,特攻[1.6],,,呪い,,魅了,,シロウ|シトリー|火|冥
106,4,硬派を気取ったあの頃は,0,400,特防[0.7]|CP増加,,,,打撃,,,ケンゴ|シトリー|天|打撃
107,3,チョコレート・ダイナマイト！,300,0,特防[0.8],HP回復,,,横一文字,,,チョウジ|エビス|魔法|狙撃
108,5,砂漠のプライベート・レッスン？,400,100,,,魅了,,,火傷,,セト|ゴウリョウ|水|英雄
109,5,蒲田ギルドの師弟,0,500,攻撃力微増[AR],,,,,脱力,,アマツマラ|クロガネ|火|木
110,4,サバイバルリゾート,300,100,特攻[1.6],,脱力,熱情,,,,ハヌマン|ツァトグァ|射撃|狙撃
111,4,剣豪と刀鍛冶の攻防,100,300,特防[0.8],,強化解除(単),,斬撃|横一文字,,,ムサシ|アマツマラ|全|火|斬撃
112,5,寂しがりの猛牛たち,0,500,CP増加,,,,,,(+2),ワカン・タンカ|テツギュウ|木|冥
113,5,流れ者の集う街,400,100,回避|特防[0.7],,,,斬撃|突撃,,,スズカ|テツギュウ|斬撃|突撃
114,4,いつかどうして夢の鬼,300,100,特防[0.7],閃き,,,魔法,,,スズカ|イバラキ|火|天
115,4,剣の道は尚遙か,100,300,特攻[1.3],,引き寄せ(1マス),スキル封印|束縛|二重封印,,,,ホウゲン|トウジ|斬撃|横一文字
116,4,歓楽の鬼,400,0,,,魅了,,,妨害,,スズカ|イバラキ|打撃|射撃
117,5,おお温泉の喜びよ,500,0,温泉,,,,,凍結,,ザオウ|チェルノボーグ|斬撃|突撃
118,5,法の代行者たち,200,300,特攻[1.5],,祝福,再生|祝福|滋養|聖油,,,,ザバーニーヤ|アルスラーン|火|木|英雄
119,4,きょうだい弟子の組手,100,300,連撃,,,,,,(+1),イクトシ|カグツチ|突撃|打撃
120,4,ワンダーフォーゲル！,200,200,奮起|根性,,,,,,,ザオウ|ドゥルガー|魔|魔法
121,5,嵐を呼ぶMCバトル！,250,250,強制移動無効(全),,HP減少,,,,,ベンテン|エーギル|突撃|打撃
122,4,制御できるならやってみろ！,100,300,弱体解除(単)|暴走時防御強化|暴走+時防御強化,,,,,,,フェンリル|ジャンバヴァン|天|冥
123,3,打ち上げLIVE！,150,150,意気,CP増加,,,,,,ベンテン|エビス|水|打撃|横一文字
124,3,奪取Theサマー,200,100,CP増加,,CP減少,,,,,テュポーン|ベンテン|水
125,5,成果は現場にあり！,400,100,閃き|特攻[2.0],,,幻惑,,,,アリス|ヴォーロス|木|冥
126,5,ジェノサイド・ハロウィン,0,500,クリティカル+,,,,,強化無効,,ハーロット|スルト|斬撃|横一文字
127,4,今月の得真道学園,0,400,魅了時弱化[AR]|根性,,,,,,,リチョウ|サナト・クマラ|斬撃|突撃|魔法
128,4,ウマミチカンフージェネレーション,100,300,特攻[1.6],係留,,暴走|暴走+,,,,ハヌマン|ナタ|火|木
129,5,コリーダ・デ・トーロス,250,250,CP増加,,引き寄せ(2マス),,,,,アステリオス|タウラスマスク|木|天
130,5,上質の一杯,300,200,滋養|滋養時強化[一杯AR],滋養時強化[一杯AR],,,,,,スノウ|ギュウマオウ|斬撃|打撃|横一文字
131,4,浅草ダウンタウンボーイズ,200,200,根性時強化[浅草AR],,,,,猛毒,,テツギュウ|ハヌマン|突撃|打撃
132,4,昼休みの購買部闘争！,0,400,全方向移動力増加|加速,,,,,,,ナタ|テツギュウ|打撃
133,5,鬼も、福も,400,100,特攻[2.0],CP増加,,鬼道の衆,,,,タケマル|モトスミ|火|魔
134,5,禅の心,500,0,集中,,,,,CS封印,,オニワカ|シュテン|英雄|突撃
135,4,浅草の愚連隊,200,200,剛力時強化,,,,,呪い,,モトスミ|リチョウ|突撃|魔法
136,4,フィスト・ファイト！,0,400,特攻[1.4],,威圧,威圧,,,,オニワカ|イバラキ|打撃
137,5,父の思い出,400,100,特攻[2.0],クリティカル,,火傷,,,,マルコシアス|タダトモ|斬撃|魔法|横一文字
138,5,バレンタイン・ライブ！,300,200,CP増加,CP増加,,,,,(+2),ジブリール|マーナガルム|水|天
139,4,愛の牢獄,200,200,,,係留|束縛,,,,,ショロトル|ハクメン|火|木|天
140,4,鉄血のバージンロード,100,300,,HP回復|CP増加,,,,,,クロード|スノウ|魔法
141,3,再生のキャンバス,300,0,,CP増加|HP回復,,,,,,リヒト|イツァムナー|射撃|狙撃|無
142,3,神宿学園の食いしん坊番長,150,150,特攻[1.4]|HP回復,,,滋養,,,,ベヒモス|リョウタ|木|冥
143,5,黄金の実り,200,300,連撃,HP回復,,,,,,ヴォーロス|ゴエモン|突撃
144,5,お宝にはご用心,300,200,CP増加,,,,,,(+2),アンドヴァリ|コタロウ|魔法|無
145,4,アタックオブザウォーターメロン,0,400,,,HP減少,,,,,チョウジ|ヴォーロス|火|木
146,4,Surf the wave,200,200,特攻[1.6],,引き寄せ(1マス),妨害,,,,セト|ゴエモン|打撃
147,5,青春は君をおって,200,300,,奮起,,,,,(+2),ドゥルガー|グンゾウ|火|魔
148,5,おいでよぼくらのもふもふ王国,300,200,,,引き寄せ(1マス)|魅了,,,,,クニヨシ|カーシー|突撃|魔法
149,4,出会いは決定的に,0,400,怒時強化,,,,,,(+1),クニヨシ|ベンテン|水|木|冥
150,3,寂しがりのプランクスター,200,100,CP増加|注目,,,,,,,アールプ|カーシー|打撃
151,3,夢のもふもふ大激突！,0,300,特攻[1.5]|HP回復,,,獣の末裔|獣皮を巻く者,,,,クニヨシ|アールプ|木|冥
152,3,芸術は光と陰に,150,150,,CP増加,CP減少,,,,,クニヨシ|リヒト|天|冥
153,5,夏の島の夜の踊り,250,250,意気|HP回復,意気|HP回復,,,,,,タンガロア|キジムナー|全|世界
154,5,夢に見た力比べ,150,350,,,威圧,,,,(+2),アステリオス|アスタロト|斬撃|無
155,4,巨いなる供物,300,100,HP回復,,HP減少,,,,,タンガロア|ダゴン|木|魔|世界
156,3,お手柄！うみのこ探検隊,150,150,特防[0.8]|加速時強化[AR],,,,射撃,,,キジムナー|エイタ|突撃|魔法
157,5,宿命のグラップル！,0,500,回避に貫通|外壁に貫通|頑強に貫通|金剛に貫通|守護に貫通|聖油に貫通|防御強化に貫通,,崩し,回避|外壁|頑強|金剛|守護|聖油|防御強化,,,,アルスラーン|アヴァルガ|突撃|打撃
158,5,研究棟の夜は終わらず,400,100,根性|HP減少,,,,,,,レイヴ|ジャンバヴァン|木|天
159,4,餅つきと喧嘩はひとりで出来ぬ,100,300,HP回復,,HP減少,,,,,ケンゴ|オニワカ|火|天
160,4,ゲヘナの腸,200,200,特攻[1.2],,猛毒,告死|凍結|毒|猛毒|火傷|烙印,,,,ルキフゲ|バエル|冥|魔
161,3,そこにお世話のある限り！,300,0,,HP回復|CP増加,,,,,,ホロケウカムイ|トムテ|全|水|英雄
162,3,星よ！太陽よ！,0,300,特攻[1.4]|注目,,,注目,,,,テスカトリポカ|オンブレティグレ|世界|突撃|射撃
163,5,苦楽は汗と共に,100,400,弱体解除(単)|HP回復,,,,,,,モリタカ|オルグス|斬撃|横一文字
164,5,最高のパフォーマンスを,500,0,特防[0.6],根性,,,全域,,,リョウタ|ソール|木
165,4,ある日の一幕,200,200,特防[0.8],,強化解除(単),,打撃|射撃,,,ケンゴ|勇者|打撃|射撃|魔法
166,4,夏の海にはこれ一本！,400,0,HP回復|火傷耐性,HP回復|火傷耐性,,,,火傷,,アンドヴァリ|スルト|冥|魔
167,5,バーサーカーズのクリスマス！,100,400,クリティカル+|特攻[2.0],,,祝福,,,,バティム|ポルックス|突撃|打撃|射撃
168,5,サウナの作法！？,300,200,HP回復|弱体解除(単),弱体解除(単),,,,,,フェンリル|シトリー|打撃|無
169,4,池袋クリスマス・場外乱闘！,0,400,,,HP減少,,,,,スノウ|メリュジーヌ|水|斬撃|狙撃
170,4,親父さん見てる！？,400,0,,激怒+|CP増加,,,,,,バティム|シトリー|火|冥
171,5,骨董市の品定め,500,0,,CS封印|次ターン強化|攻撃力増加[次ターン],,,,,,フルフミ|リヒト|木|冥
172,5,金魚すくいレクチャー！,200,300,攻撃力増加[ターン毎減少],,,,,,(+2),リョウタ|リチョウ|ケットシー|水
173,4,祭りの日の出会い,300,100,閃き,CP増加,,,,,,リチョウ|フルフミ|火|木|天
174,4,同盟者からのサプライズ,200,200,特攻[1.6]|スキル発動率大増,,,暗闇,,,,テスカトリポカ|バロール|魔|英雄|世界
175,5,悪魔式ティータイム,300,200,毒|再生,毒|再生,毒|再生,,,,,アスタロト|バエル|天|冥|魔
176,5,がんばれ貧乏探偵！,200,300,スキル発動率増加,回避,,,,,,ジブリール|ノーマッド|火|天
177,4,ファンクラブの友たち,0,400,,CP増加|意気,,,,,,カルキ|マーナガルム|斬撃|打撃|横一文字
178,4,六本木のフィクサーたち,200,200,特攻[1.3],,,威圧|恐怖|崩し|不動|マヒ,,不動,,ハクメン|ツァトグァ|斬撃|射撃
179,5,汝、何処へ行き給う,400,100,弱体解除(単)|HP回復,,,,,,,マリア|アザゼル|天|冥
180,5,雪解けの甘くとろけたる,250,250,被回復増加,被回復増加|HP回復,,,,,,ホロケウカムイ|キムンカムイ|全|英雄
181,4,聖者の休息,100,300,,HP回復,武器種変更：無,,,,,ソール|キムンカムイ|突撃|魔法
182,4,我が盟友の為ならば,250,150,特攻[1.6],CP増加,,熱情,,,,アイゼン|カルキ|斬撃|射撃
183,5,衣装の心得,200,300,魅了耐性|特攻[2.0],,,魅了,,魅了,,アラクネ|カトブレパス|打撃|射撃|無
184,4,ようこそ、夜の宝石たち,200,200,,,引き寄せ(1マス),,,,(+1),ツクヨミ|スズカ|天|魔
185,4,腹の底から高らかに,100,300,回避に貫通|HP回復,HP回復,,回避,,,,アラクネ|スズカ|斬撃|打撃|横一文字
186,3,サマータイム・シャワー,300,0,注目|特攻[1.4],,,熱情,,,,ワカン・タンカ|ザバーニーヤ|突撃|打撃
187,5,我ら拳と魔眼を交え,100,400,攻撃力増加[装備者CP],,,,,,(+2),シヴァ|バロール|突撃|打撃
188,5,FUWAMOCO☆マジックショー！,400,100,,弱体無効,混乱|HP減少,,,,,テスカトリポカ|ケットシー|木|魔|世界
189,4,モノクロームシンドローム,100,300,特攻[1.3],,烙印,烙印,,,,アルク|キリト|火|冥|零
190,4,無骨な漢の贈り物,400,0,攻撃強化,,,,,束縛,,シヴァ|ヘラクレス|火|水|英雄
191,3,あのサークルへ急げ！,100,200,意気,,,,,恐怖,,クニヨシ|ヘカテー|木|冥|世界
192,5,大宇宙おいかけっこ,0,500,極限,極限,,,,,(+2),ニャルラトテプ|クトゥグァ|斬撃|横一文字
193,5,ドキドキ実験開始！,200,300,集中時強化[実験AR],集中時強化[実験AR]|集中,,,,,,クロガネ|ノーマッド|木|英雄
194,4,パイロットトレーニング,200,200,HP回復,,妨害,,,,,ブレイク|クトゥグァ|火|水|魔
195,4,ドリームランドへようこそ,100,300,,,発狂,,,発狂,,アザトース|ノーデンス|打撃|射撃|狙撃
196,4,D計画の少年たち,400,0,妨害時強化,祝福|妨害時強化,,,,,,R-19|デュオ|射撃|魔法|狙撃
197,5,胸騒ぎの旧校舎,200,300,熱情時強化[AR],熱情|熱情時強化[AR],,,,,,リョウタ|フルフミ|火|天
198,5,ウェルカムトゥサイバースペース,250,250,弱体無効|特防[0.6],弱体無効,,,全域,,,ティンダロス|エニグマ|斬撃|魔法|無
199,4,パジャマパーティ・ランウェイ,250,150,HP回復,集中時強化[パジャマAR],,,,,,ドゥルガー|アラクネ|突撃|射撃|狙撃
200,3,狩猟式トレイルランニング,100,200,CP増加|特攻[1.2],,,崩し,,,,イシュバランケー|ヤマサチヒコ|全|木|天
201,3,炎天下のレッスルウォー,0,300,特防[0.8],,HP減少,,打撃,,,アヴァルガ|ジュウゴ|突撃|打撃|横一文字
202,3,カウボーイ・レッスン,150,150,係留|強制移動無効(全),係留|根性,,,,,,ヴァプラ|ベイブ・バニヤン|水|冥|魔
203,5,カーテンコールをもう一度！,250,250,祝福時強化[AR],祝福時強化[AR]|HP回復,,,,,,レイヴ|ブギーマン|射撃|横一文字|無
204,4,探究者たちのステージ,200,200,頑強,奮起,,,,,,マクロイヒ|レイヴ|ヘカテー|斬撃|魔法
205,4,放課後チョコレートマジック,300,100,聖油,HP回復,,,,,,ブギーマン|シュクユウ|全|天|冥
206,5,限り無き大決戦！,100,400,,,烙印,,,,(+2),マクロイヒ|シパクトリ|魔|英雄|世界
207,5,上級生のおもてなし,250,250,特攻[2.0]|回避,,,魅了,,,,アルジャーノン|ツクヨミ|天|魔|英雄
208,5,真夏の浜辺の大闘争！,100,400,奮起時強化,奮起時強化|奮起,,,,,,テスカトリポカ|オンブレティグレ|火|水|木
209,4,君と喜びの舞を,200,200,回避に貫通,HP回復,,回避,,,,オトヒメ|ヤマサチヒコ|打撃|射撃|魔法|狙撃
210,4,家族の事が知りたくて,150,250,閃き時強化[AR],,,,,マヒ,,クロガネ|ヘパイストス|突撃|魔法
211,4,グリーンマジック,300,100,特防[0.7]|CP増加,,,,魔法,,,シンノウ|ヴォーロス|突撃|射撃|横一文字
212,5,お仕置きサンタの特訓,100,400,闘志|根性,根性,,,,,,ジェド|クランプス|斬撃|射撃
213,5,インソムニア・レメディ,250,250,毒時強化[AR]|毒反転,毒時強化[AR]|毒反転,,,,,,シンノウ|ヤスヨリ|木|天|英雄
214,4,スノー&シュガー,300,100,凍結耐性|HP減少反転|HP回復,凍結耐性,,,,凍結,,ジェド|ネクロス&バッカス|天|冥
215,4,思い出のXmasディナー,400,0,被回復増加|守護,被回復増加,,,,,,チョウジ|リョウタ|火|木|天
216,3,辺獄の子らに愛を,200,100,特防[0.8],,脱力,,打撃,,,ジズ|ハーロット|斬撃|魔法
217,3,波乱のサンドアート教室,150,150,,HP回復|CP増加,,,,,,イツァムナー|ヴァプラ|火|木|冥
218,4,鬼は十年一剣を磨く,250,150,熱情,,魅了,,,,,オルグス|タケマル|打撃|横一文字|無
219,5,六本木の最強ヤンキー同盟,150,350,連撃,,引き寄せ(1マス),,,,,ギュウマオウ|セト|火|冥|英雄
220,4,すぺしゃるちゃんこを召し上がれ,300,100,意気,祝福,,,,,,バーゲスト|アシガラ|水|冥
221,4,ナイトバード・ラウンジ,250,150,HP回復|全方向移動力増加[解除不可],,,,,,,ガンダルヴァ|サンダーバード|射撃|魔法|無
222,5,踊れや歌えやどんちゃん騒ぎ！,100,400,クリティカル|CP増加,,,,,,,ゴウリョウ|ウランバートル|水|世界
223,5,ゆるっとミニふわクリスマス！,300,200,回避|祝福,祝福,,,,,,オッター|ホルス|テュアリング|天|冥
224,4,お控えなすって！,250,150,,,崩し,,,,(+1),オッター|ホルス|斬撃|横一文字
225,4,赤と白の格子暗号,200,200,スキル封印耐性,,確率強化解除|強化解除(単),,,スキル封印,,テュアリング|ウランバートル|射撃|狙撃
226,5,花散らす犬士たち,250,250,HP回復|特攻[1.5],,HP吸収,威圧|恐怖|崩し|不動|マヒ,,,,ヤスヨリ|タネトモ|木|英雄
227,5,折れし角、折れぬ心,500,0,浄化|浄化時強化[AR],浄化,,,,,,オニワカ|ヨリトモ|突撃|魔法
228,4,知略の武士ども,400,0,CP増加,,恐怖,,,,,ヨリトモ|タネトモ|英雄|世界
229,4,放課後ハプニング！,0,400,HP回復|根性時強化[ハプニングAR],,,,,,,テツギュウ|ギリメカラ|突撃|打撃
230,3,博愛に満ちた季節,200,100,特攻[1.2],CP増加,,火傷,,,,ジェイコフ|シンヤ|突撃|打撃|射撃
231,5,冥境にて世話をかく,100,400,弱体無効|滋養時強化[冥境AR],滋養時強化[冥境AR],,,,,,ショロトル|ホロケウカムイ|火|水|英雄
232,5,湯殿経営2人なら極楽,250,250,祝福|奮起,祝福,,,,,,ダイコク|サルタヒコ|突撃|魔法|無
233,4,ふわもこな湯上がりに,250,150,特攻[1.5],HP回復,,熱情,,,,ベイブ・バニヤン|シュクユウ|全|水
234,3,菓子箱の中の夢,0,300,意気,CP増加,,,,,,バーゲスト|シュクユウ|斬撃|打撃
235,3,有馬の2人は三羽烏と,150,150,特攻[1.2],,幻惑,スキル封印,,,,ミネアキ|ダイコク|天|冥
236,5,応援すること火の如し,200,300,HP減少反転|HP回復|集中,HP減少反転|HP回復,,,,,,ノブハル|イフリート|射撃|狙撃
237,5,兵どもが星の下,400,100,根性,HP回復,,,,,,シンノウ|オンブレティグレ|火|英雄
238,4,不夜城のおしごと！,250,150,暗闇耐性,滋養|暗闇耐性,,,,暗闇,,イバラキ|ツクヨミ|火|魔
239,4,忍×忍捕物帳！,150,250,,CP増加|HP回復,,,,,,ジライヤ|ゴエモン|斬撃|突撃|射撃
240,3,太陽の子らよ、廃墟を翔けよ,300,0,特防[0.8],HP回復,,,全域,,,ティダ|マルドゥック|木|英雄
241,3,廻り合わせの父たちへ,0,300,特攻[1.2]|闘志,,,妨害,,,,シノ|マルコシアス|斬撃|突撃
242,5,ドントストップ・サマージョイ！,500,0,HP回復,HP回復,HP吸収,,,,,オオグチマガミ|タヂカラオ|突撃|射撃|横一文字
243,5,リバーサイド・レスキュー,250,250,守護,守護,引き寄せ(1マス),,,,,シヴァ|ジュウゴ|打撃|射撃
244,4,アラクネコレクションSO24,300,100,連撃,,,,,CS封印,,アラクネ|テュアリング|打撃|魔法|狙撃
245,4,ウォーター・ストライク！,400,0,係留|強制移動無効(全)|弱体無効,,,,,,,オオグチマガミ|シヴァ|火|英雄
246,3,祭り漢のお通りよお,200,100,HP回復|特攻[1.4],,,熱情,,,,タヂカラオ|テスカトリポカ|火|木|世界
247,3,お腹周りは引き締めて！,150,150,,注目|CP増加,,,,,,アラクネ|サンダーバード|水|天
248,5,ダイブ・トゥ・ドリーム,100,400,注目,集中,,,,,,アールプ|ホテイ|射撃|狙撃
249,5,ウェアリング・モンスター,350,150,CP増加,CP増加,,,,,(+2),アールプ|トウジ|突撃|射撃
250,4,鬼ごっこまたしても,100,300,加速|特防[0.8],加速,,,射撃|狙撃,,,ケンゴ|トウジ|斬撃|打撃|横一文字
251,4,ハロウィンポリスBack！,200,200,特攻[1.4],,再生,再生,,,,トウジ|ホテイ|天|冥
252,3,万聖節には合いの手を！,200,100,特攻[1.2],,HP減少,烙印,,,,アザトース|エビス|打撃|狙撃|横一文字
253,5,出雲に雷舞う如く！,0,500,弱体無効|回避に貫通|外壁に貫通|頑強に貫通|金剛に貫通|守護に貫通|聖油に貫通|防御強化に貫通,,,回避|外壁|頑強|金剛|守護|聖油|防御強化,,,,タケミナカタ|タイシャクテン|全|水|天
254,5,革命の犬たちへ,300,200,,HP回復,憑依,,,,,マサノリ|ヨシトウ|斬撃|突撃|横一文字
255,4,プリザーブドタイム,300,100,弱体解除(単),,凍結,,,,,ヒッポリュトス|マサノリ|突撃|射撃|狙撃
256,4,バッドガイズ・グッドラック！,200,200,特攻[1.4],祝福,,呪い,,,,クランプス|シームルグ|射撃|魔法|横一文字
257,3,微笑み彩る花箱を,200,100,再生|特防[0.8],,,,打撃,,,ヒッポリュトス|シトリー|火|水|木
258,5,稽古の後でもう一本！,400,100,特攻[2.0],,HP減少(%),幻惑,,,,シュウイチ|マクロイヒ|斬撃|魔法|横一文字
259,5,愛され獣になりたくて！,200,300,回避,CP増加,,,,,,ユーマ|アールプ|水|冥
260,4,極上肉のテクニック,300,100,被回復増加,奮起,,,,,,リョウタ|チェルノボーグ|火|木|冥
261,4,ロスト・パラダイス,400,0,幻惑耐性|根性,,,,,幻惑,,ロビンソン|アステリオス|全|天|冥
262,4,真夏のクリスマスツリー,250,150,HP回復,HP回復,,,,混乱,,ジェド|イツァムナー|火|水|木
263,3,メルト・ファンタジア,100,200,CP増加|特攻[1.3],,,魅了,,,,アルク|スルト|火|魔
264,5,VSハートランド・インベイダー,500,0,,,スキル封印時防御弱化|スキル封印,,,,,フッキ|スモーキーゴッド|火|世界|無限
265,5,召しませ世耕夏の幸！,0,500,滋養大特攻|特攻[2.0],滋養大特攻,滋養,滋養,,,,ヴォルフ・フセスラフ|ヤマサチヒコ|斬撃|突撃|射撃
266,4,栄光があなたを照らす,200,200,CP増加,弱体解除(単),,,,,,ヘラクレス|エーコー|火|水|木
267,4,今宵釣られてすくわれて,300,100,,HP回復,幻惑,,,,,スモーキーゴッド|ヤマサチヒコ|斬撃|横一文字
268,3,煽られ乗せられ流されLUV/U！,150,150,CP増加|特攻[1.3],,,係留,,,,ヨルムンガンド|オズ|ゴロウザエモン|射撃|魔法